{"eval_squad_exact_match": 77.7578051087985, "eval_squad_f1": 85.71519534299622, "eval_rouge_rouge1": 0.8555498842909715, "eval_rouge_rouge2": 0.5704063536803059, "eval_rouge_rougeL": 0.8552562706622522, "eval_rouge_rougeLsum": 0.8551798428729304, "eval_meteor_meteor": 0.695650689534229, "eval_bleu_google_bleu": 0.6062402741938661, "eval_bert_precision": 0.975366615600595, "eval_bert_recall": 0.9779495197021408, "eval_bert_f1": 0.9762883567595775, "eval_bert_hashcode": "roberta-large_L17_no-idf_version=0.3.9(hug_trans=4.46.3)"}