{"eval_squad_exact_match": 36.23809523809524, "eval_squad_f1": 49.8895302269404, "eval_rouge_rouge1": 0.5048219085239642, "eval_rouge_rouge2": 0.33564406624548243, "eval_rouge_rougeL": 0.5028366959048751, "eval_rouge_rougeLsum": 0.5035413447899472, "eval_meteor_meteor": 0.3738725623709055, "eval_bleu_google_bleu": 0.22802373345504337, "eval_bert_precision": 0.9180933034278098, "eval_bert_recall": 0.9184553900786808, "eval_bert_f1": 0.9179247576991717, "eval_bert_hashcode": "roberta-large_L17_no-idf_version=0.3.9(hug_trans=4.46.3)"}