{"eval_squad_exact_match": 77.70104068117313, "eval_squad_f1": 85.76573989319596, "eval_rouge_rouge1": 0.8559497113690145, "eval_rouge_rouge2": 0.5695979382741676, "eval_rouge_rougeL": 0.8557009696357409, "eval_rouge_rougeLsum": 0.855791056223068, "eval_meteor_meteor": 0.6956840009273587, "eval_bleu_google_bleu": 0.6158521954730865, "eval_bert_precision": 0.9756039121067512, "eval_bert_recall": 0.9780038702848844, "eval_bert_f1": 0.9764250686739342, "eval_bert_hashcode": "roberta-large_L17_no-idf_version=0.3.9(hug_trans=4.46.3)"}