{"eval_loss": 0.38941922783851624, "eval_model_preparation_time": 0.0053, "eval_accuracy": 0.8925015330314636, "eval_runtime": 20.0574, "eval_samples_per_second": 490.692, "eval_steps_per_second": 61.374}