{"eval_squad_exact_match": 76.70766319772942, "eval_squad_f1": 85.25136916624166, "eval_rouge_rouge1": 0.8502448461050494, "eval_rouge_rouge2": 0.5669504890481964, "eval_rouge_rougeL": 0.8498244882730095, "eval_rouge_rougeLsum": 0.8497968348320599, "eval_meteor_meteor": 0.6923548091185271, "eval_bleu_google_bleu": 0.6089298397916503, "eval_bert_precision": 0.974885465778488, "eval_bert_recall": 0.9770720785422041, "eval_bert_f1": 0.9755858284466201, "eval_bert_hashcode": "roberta-large_L17_no-idf_version=0.3.9(hug_trans=4.46.3)"}