{"eval_squad_exact_match": 51.79775280898876, "eval_squad_f1": 58.849365888022376, "eval_rouge_rouge1": 0.59537174628937, "eval_rouge_rouge2": 0.39214642140610856, "eval_rouge_rougeL": 0.5936540289937139, "eval_rouge_rougeLsum": 0.5940748340331308, "eval_meteor_meteor": 0.48062804086292693, "eval_bleu_google_bleu": 0.4467742914365479, "eval_bert_precision": 0.9465914819682582, "eval_bert_recall": 0.9460529024346491, "eval_bert_f1": 0.9457369384973237, "eval_bert_hashcode": "roberta-large_L17_no-idf_version=0.3.9(hug_trans=4.46.3)"}