{"eval_squad_exact_match": 34.80952380952381, "eval_squad_f1": 49.58132447362622, "eval_rouge_rouge1": 0.5012679227687175, "eval_rouge_rouge2": 0.33258684100701463, "eval_rouge_rougeL": 0.5000151398809005, "eval_rouge_rougeLsum": 0.4993958335047062, "eval_meteor_meteor": 0.37789491356564275, "eval_bleu_google_bleu": 0.23238510949629226, "eval_bert_precision": 0.9164588650919142, "eval_bert_recall": 0.918144572306247, "eval_bert_f1": 0.9169457398425965, "eval_bert_hashcode": "roberta-large_L17_no-idf_version=0.3.9(hug_trans=4.46.3)"}