{"eval_squad_exact_match": 77.94701986754967, "eval_squad_f1": 85.72643830082211, "eval_rouge_rouge1": 0.8556622728594403, "eval_rouge_rouge2": 0.5681180924433253, "eval_rouge_rougeL": 0.855129713598004, "eval_rouge_rougeLsum": 0.8553424375002556, "eval_meteor_meteor": 0.6937967962042152, "eval_bleu_google_bleu": 0.6134271899603856, "eval_bert_precision": 0.9757507343617045, "eval_bert_recall": 0.9780375336574403, "eval_bert_f1": 0.9765267747804142, "eval_bert_hashcode": "roberta-large_L17_no-idf_version=0.3.9(hug_trans=4.46.3)"}