{"eval_squad_exact_match": 53.03370786516854, "eval_squad_f1": 60.05744582658089, "eval_rouge_rouge1": 0.6099368925195233, "eval_rouge_rouge2": 0.4070436235223688, "eval_rouge_rougeL": 0.6086311832655201, "eval_rouge_rougeLsum": 0.6086918983045929, "eval_meteor_meteor": 0.49361260815300684, "eval_bleu_google_bleu": 0.4601657670412648, "eval_bert_precision": 0.9480747843224011, "eval_bert_recall": 0.9480278289050199, "eval_bert_f1": 0.9474907049637162, "eval_bert_hashcode": "roberta-large_L17_no-idf_version=0.3.9(hug_trans=4.46.3)"}