{"eval_squad_exact_match": 77.9848628192999, "eval_squad_f1": 85.88418327322374, "eval_rouge_rouge1": 0.8573052374385588, "eval_rouge_rouge2": 0.5713120366958436, "eval_rouge_rougeL": 0.857031770279249, "eval_rouge_rougeLsum": 0.8569763030747466, "eval_meteor_meteor": 0.6953572274208072, "eval_bleu_google_bleu": 0.6104527162977867, "eval_bert_precision": 0.9757798180900437, "eval_bert_recall": 0.9782204599175233, "eval_bert_f1": 0.9766337134698256, "eval_bert_hashcode": "roberta-large_L17_no-idf_version=0.3.9(hug_trans=4.46.3)"}