{"eval_squad_exact_match": 61.40449438202247, "eval_squad_f1": 69.36368625384127, "eval_rouge_rouge1": 0.6945693183723698, "eval_rouge_rouge2": 0.4682761952636668, "eval_rouge_rougeL": 0.6938101376689012, "eval_rouge_rougeLsum": 0.6944035780183113, "eval_meteor_meteor": 0.569386852725778, "eval_bleu_google_bleu": 0.5037587437958959, "eval_bert_precision": 0.956959073027868, "eval_bert_recall": 0.9585478969504324, "eval_bert_f1": 0.9572472609160991, "eval_bert_hashcode": "roberta-large_L17_no-idf_version=0.3.9(hug_trans=4.46.3)"}