{"eval_squad_exact_match": 38.095238095238095, "eval_squad_f1": 51.7466679598588, "eval_rouge_rouge1": 0.5227940893213674, "eval_rouge_rouge2": 0.3510742410102338, "eval_rouge_rougeL": 0.521997257944029, "eval_rouge_rougeLsum": 0.5220546947598708, "eval_meteor_meteor": 0.387917145148147, "eval_bleu_google_bleu": 0.24071641791044776, "eval_bert_precision": 0.9206089934422856, "eval_bert_recall": 0.9207556027741659, "eval_bert_f1": 0.9203548416637239, "eval_bert_hashcode": "roberta-large_L17_no-idf_version=0.3.9(hug_trans=4.46.3)"}