{"eval_squad_exact_match": 53.651685393258425, "eval_squad_f1": 60.046704450719616, "eval_rouge_rouge1": 0.6064511141421561, "eval_rouge_rouge2": 0.4018222249165761, "eval_rouge_rougeL": 0.6050990616670884, "eval_rouge_rougeLsum": 0.6061098158679166, "eval_meteor_meteor": 0.4893186475780246, "eval_bleu_google_bleu": 0.4594635051793306, "eval_bert_precision": 0.9486445770002483, "eval_bert_recall": 0.948085765791743, "eval_bert_f1": 0.9478613687197813, "eval_bert_hashcode": "roberta-large_L17_no-idf_version=0.3.9(hug_trans=4.46.3)"}