{"eval_squad_exact_match": 51.54494382022472, "eval_squad_f1": 59.03748628083307, "eval_rouge_rouge1": 0.599000781016707, "eval_rouge_rouge2": 0.39930054783659485, "eval_rouge_rougeL": 0.5977188757441256, "eval_rouge_rougeLsum": 0.598034944982236, "eval_meteor_meteor": 0.48457400550895335, "eval_bleu_google_bleu": 0.4497311585713857, "eval_bert_precision": 0.9469018020656671, "eval_bert_recall": 0.9465597960386384, "eval_bert_f1": 0.9461280000343751, "eval_bert_hashcode": "roberta-large_L17_no-idf_version=0.3.9(hug_trans=4.46.3)"}