{"eval_squad_exact_match": 38.023809523809526, "eval_squad_f1": 51.90943495580284, "eval_rouge_rouge1": 0.523607810527098, "eval_rouge_rouge2": 0.3522359808094161, "eval_rouge_rougeL": 0.5219798483867493, "eval_rouge_rougeLsum": 0.5228190130328141, "eval_meteor_meteor": 0.38914118838812306, "eval_bleu_google_bleu": 0.24393187786826537, "eval_bert_precision": 0.9204052132368088, "eval_bert_recall": 0.9209212647023655, "eval_bert_f1": 0.9203133353732881, "eval_bert_hashcode": "roberta-large_L17_no-idf_version=0.3.9(hug_trans=4.46.3)"}