{"eval_squad_exact_match": 36.642857142857146, "eval_squad_f1": 50.72699522628645, "eval_rouge_rouge1": 0.5130370167738777, "eval_rouge_rouge2": 0.3348627540322344, "eval_rouge_rougeL": 0.5121148743168173, "eval_rouge_rougeLsum": 0.5120877898483427, "eval_meteor_meteor": 0.377870886410937, "eval_bleu_google_bleu": 0.2368069734568871, "eval_bert_precision": 0.919744056108452, "eval_bert_recall": 0.9192204712402253, "eval_bert_f1": 0.9191337998850005, "eval_bert_hashcode": "roberta-large_L17_no-idf_version=0.3.9(hug_trans=4.46.3)"}